Hashtag,Total_Engagement
#nature,45.0
#park,45.0
#traffic,15.0
#morning,15.0
#fitness,60.0
#workout,60.0
#travel,23.0
#adventure,23.0
#cooking,37.0
#food,37.0
#gratitude,75.0
#positivevibes,75.0
#rainydays,30.0
#cozy,30.0
#movienight,45.0
#mustwatch,45.0
#politics,90.0
#debate,90.0
#summer,53.0
#beachdays,53.0
#blogging,67.0
#newpost,67.0
#sickday,22.0
#health,22.0
#cityexplore,37.0
#hiddengems,37.0
#newyear,83.0
#fitnessgoals,83.0
#tech,45.0
#innovation,45.0
#reflection,60.0
#future,60.0
#petadoption,45.0
#furryfriend,45.0
#gaming,53.0
#latenight,53.0
#ai,75.0
#techconference,75.0
#winterblues,23.0
#mood,23.0
#reading,67.0
#coffeetime,67.0
#vr,45.0
#virtualreality,45.0
#productivity,90.0
#workfromhome,90.0
#fitness,60.0
#challengeaccepted,60.0
#career,37.0
#milestone,37.0
#brunch,45.0
#friends,45.0
#languagelearning,75.0
#personalgrowth,75.0
#reading,45.0
#quiettime,45.0
#mentalhealth,67.0
#selfcare,67.0
#art,37.0
#paintinginprogress,37.0
#roadtrip,53.0
#scenicviews,53.0
#teatime,45.0
#sunset,45.0
#coding,90.0
#enthusiasm,90.0
#inspiration,75.0
#workshop,75.0
#wintersports,45.0
#fun,45.0
#familytime,67.0
#weekend,67.0
#music,53.0
#concertnight,53.0
#mindfulness,45.0
#meditation,45.0
#dessert,37.0
#cooking,37.0
#gaming,90.0
#tournament,90.0
#gardening,75.0
#spring,75.0
#birthday,45.0
#celebration,45.0
#accomplished,67.0
#success,67.0
#cozynight,53.0
#movietime,53.0
#art,45.0
#galleryexplore,45.0
#bookrelease,37.0
#favoriteauthor,37.0
#vrmeetup,83.0
#virtualreality,83.0
#nature,45.0
#reflection,45.0
#cooking,60.0
#specialdinner,60.0
#optimism,45.0
#newweek,45.0
#fitnesschallenge,67.0
#newbeginnings,67.0
#bikeride,53.0
#scenictrails,53.0
#injustice,60.0
#angry,60.0
#fear,45.0
#thrillermovie,45.0
#sadness,75.0
#naturaldisaster,75.0
#disgust,53.0
#environment,53.0
#happiness,90.0
#celebration,90.0
#joy,67.0
#comedyshow,67.0
#love,45.0
#spreadlove,45.0
#amusement,53.0
#funtimes,53.0
#enjoyment,75.0
#booktime,75.0
#admiration,60.0
#nature,60.0
#affection,45.0
#positivevibes,45.0
#awe,67.0
#breathtaking,67.0
#disappointed,53.0
#badservice,53.0
#surprise,75.0
#gift,75.0
#acceptance,45.0
#challenges,45.0
#adoration,67.0
#petlove,67.0
#anticipation,60.0
#adventure,60.0
#bitterlesson,53.0
#growth,53.0
#calmness,45.0
#peacefulmind,45.0
#confusion,75.0
#decisionmaking,75.0
#excitement,67.0
#travelplans,67.0
#kindness,60.0
#humanity,60.0
#pride,90.0
#milestone,90.0
#shame,45.0
#injustice,45.0
#anger,60.0
#argument,60.0
#fear,45.0
#unknown,45.0
#sadness,75.0
#farewell,75.0
#disgust,53.0
#corruption,53.0
#happiness,90.0
#newfamilymember,90.0
#joy,67.0
#standupcomedy,67.0
#love,45.0
#spreadlove,45.0
#amusement,53.0
#petantics,53.0
#enjoyment,75.0
#travel,75.0
#admiration,60.0
#volunteers,60.0
#affection,45.0
#familylove,45.0
#awe,67.0
#starrynight,67.0
#disappointed,53.0
#project,53.0
#surprise,75.0
#oldfriends,75.0
#acceptance,45.0
#lifejourney,45.0
#adoration,67.0
#puppylove,67.0
#anticipation,60.0
#movierelease,60.0
#bitterexperience,53.0
#customerservice,53.0
#calmness,45.0
#innerpeace,45.0
#confusion,75.0
#makingsense,75.0
#excitement,67.0
#surpriseparty,67.0
#kindness,60.0
#actsofkindness,60.0
#pride,90.0
#fitnesschallengecompleted,90.0
#shame,45.0
#injustice,45.0
#acceptance,67.0
#diversity,67.0
#excitement,53.0
#booktime,53.0
#bitter,45.0
#unfairness,45.0
#calmness,45.0
#mindfulness,45.0
#confusion,90.0
#lifechoices,90.0
#excitement,75.0
#weekendadventure,75.0
#kindness,67.0
#humanityrestored,67.0
#pride,37.0
#accomplishments,37.0
#shame,45.0
#integrity,45.0
#elation,60.0
#memories,60.0
#euphoria,45.0
#victory,45.0
#contentment,75.0
#nature,75.0
#serenity,53.0
#meditation,53.0
#gratitude,90.0
#blessed,90.0
#hope,67.0
#optimism,67.0
#empowerment,45.0
#community,45.0
#compassion,53.0
#charityevent,53.0
#tenderness,75.0
#familytime,75.0
#arousal,60.0
#excitement,60.0
#enthusiasm,45.0
#newproject,45.0
#fulfillment,67.0
#milestone,67.0
#reverence,53.0
#history,53.0
#elation,75.0
#oldfriends,75.0
#euphoria,45.0
#livemusic,45.0
#contentment,90.0
#sundaymood,90.0
#serenity,67.0
#booktime,67.0
#gratitude,45.0
#supportive,45.0
#hope,53.0
#newbeginnings,53.0
#empowerment,75.0
#personalgrowth,75.0
#compassion,53.0
#holidaysupport,53.0
#tenderness,75.0
#cozyevening,75.0
#arousal,60.0
#adventuretime,60.0
#enthusiasm,45.0
#creativity,45.0
#fulfillment,67.0
#fitnessgoals,67.0
#reverence,53.0
#artappreciation,53.0
#elation,75.0
#personalachievement,75.0
#elation,60.0
#hiddengem,60.0
#euphoria,45.0
#birthdaysurprise,45.0
#contentment,75.0
#homecooking,75.0
#serenity,53.0
#peacefulmelody,53.0
#gratitude,90.0
#communitysupport,90.0
#hope,67.0
#businessventure,67.0
#empowerment,45.0
#mentorship,45.0
#compassion,53.0
#communitykindness,53.0
#tenderness,75.0
#lovenote,75.0
#arousal,60.0
#traveladventure,60.0
#enthusiasm,45.0
#artisticproject,45.0
#fulfillment,67.0
#helpingothers,67.0
#reverence,53.0
#historicalsite,53.0
#elation,75.0
#fitnessmilestone,75.0
#euphoria,45.0
#productlaunchsuccess,45.0
#contentment,90.0
#love,90.0
#serenity,67.0
#sunsetviews,67.0
#gratitude,45.0
#smalljoys,45.0
#hope,53.0
#personaldevelopment,53.0
#empowerment,75.0
#skillbuilding,75.0
#compassion,53.0
#volunteerwork,53.0
#tenderness,75.0
#petlove,75.0
#arousal,60.0
#festivalexcitement,60.0
#enthusiasm,45.0
#homeimprovement,45.0
#fulfillment,67.0
#puzzlechallenge,67.0
#reverence,53.0
#natureexploration,53.0
#elation,75.0
#friendshipreunion,75.0
#despair,15.0
#struggle,15.0
#grief,23.0
#loss,23.0
#loneliness,30.0
#isolation,30.0
#jealousy,37.0
#envy,37.0
#resentment,22.0
#bitterness,22.0
#frustration,30.0
#obstacles,30.0
#boredom,23.0
#lackofinterest,23.0
#anxiety,37.0
#worry,37.0
#intimidation,45.0
#fear,45.0
#helplessness,23.0
#overwhelmed,23.0
#envy,30.0
#desire,30.0
#regret,37.0
#missedchances,37.0
#disgust,22.0
#injustice,22.0
#despair,30.0
#hopeless,30.0
#grief,37.0
#tears,37.0
#loneliness,45.0
#seekingconnection,45.0
#jealousy,23.0
#insecurity,23.0
#resentment,30.0
#brokentrust,30.0
#frustration,37.0
#emotionaloutburst,37.0
#boredom,22.0
#monotony,22.0
#anxiety,30.0
#restlessness,30.0
#intimidation,45.0
#facingfear,45.0
#helplessness,23.0
#struggling,23.0
#envy,30.0
#success,30.0
#regret,37.0
#pastchoices,37.0
#disgust,22.0
#corruption,22.0
#despair,30.0
#darkdays,30.0
#grief,37.0
#emotionalstorm,37.0
#loneliness,45.0
#yearningforconnection,45.0
#jealousy,23.0
#resentment,23.0
#resentment,30.0
#unforgiving,30.0
#frustration,37.0
#emotionaloutburst,37.0
#boredom,22.0
#stagnation,22.0
#curiosity,45.0
#learning,45.0
#indifference,22.0
#digitaloverload,22.0
#confusion,30.0
#lifepuzzle,30.0
#numbness,23.0
#emotionalshield,23.0
#melancholy,37.0
#sunsetmoments,37.0
#nostalgia,30.0
#memorylane,30.0
#ambivalence,37.0
#uncertainchoices,37.0
#acceptance,45.0
#lifejourney,45.0
#determination,30.0
#achievetheimpossible,30.0
#serenity,37.0
#natureretreat,37.0
#curiosity,60.0
#knowledgequest,60.0
#indifference,30.0
#floatingthroughlife,30.0
#confusion,45.0
#thoughtlabyrinth,45.0
#numbness,23.0
#stoicfacade,23.0
#melancholy,37.0
#whispersinthebreeze,37.0
#nostalgia,30.0
#journalmoments,30.0
#ambivalence,37.0
#conflictingfeelings,37.0
#acceptance,45.0
#selflovejourney,45.0
#determination,53.0
#dreamsintoreality,53.0
#serenity,75.0
#oceanretreat,75.0
#curiosity,67.0
#newhorizons,67.0
#indifference,27.0
#driftingthroughlife,27.0
#confusion,42.0
#perplexedmind,42.0
#numbness,30.0
#emotionalshield,30.0
#melancholy,39.0
#wistfulheart,39.0
#nostalgia,37.0
#yearbookmemories,37.0
#ambivalence,45.0
#shadesofuncertainty,45.0
#acceptance,54.0
#imperfectjourney,54.0
#determination,60.0
#unparalleledheights,60.0
#serenity,75.0
#naturewhispers,75.0
#indifference,27.0
#silentobserver,27.0
#confusion,42.0
#thoughtlabyrinth,42.0
#numbness,33.0
#stoicresilience,33.0
#melancholy,39.0
#bittersweetmemories,39.0
#nostalgia,37.0
#diaryjourney,37.0
#ambivalence,45.0
#conflictingemotions,45.0
#acceptance,54.0
#beautifulchaos,54.0
#determination,60.0
#extraordinarypath,60.0
#serenity,75.0
#raindropmelody,75.0
#curiosity,67.0
#seekerofknowledge,67.0
#indifference,27.0
#driftingthroughlife,27.0
#confusion,42.0
#labyrinthofthoughts,42.0
#numbness,30.0
#emotionalstorms,30.0
#melancholy,39.0
#wistfulyearning,39.0
#nostalgia,37.0
#photoalbumstories,37.0
#ambivalence,45.0
#crossroadsconfusion,45.0
#acceptance,54.0
#unpredictableart,54.0
#determination,60.0
#sculptingdreams,60.0
#serenity,75.0
#moonlitpeace,75.0
#curiosity,66.0
#fearlessexplorer,66.0
#zest,45.0
#carefreespirit,45.0
#contentment,54.0
#goldenglow,54.0
#hopeful,36.0
#canvasofdreams,36.0
#proud,75.0
#branchesofachievement,75.0
#grateful,60.0
#blossomingconnection,60.0
#empathetic,45.0
#tapestryofunderstanding,45.0
#compassionate,54.0
#showerofempathy,54.0
#playful,66.0
#danceintherain,66.0
#freespirit,60.0
#paintingthesky,60.0
#inspired,45.0
#creativephoenix,45.0
#hopeful,36.0
#sunriseofpossibilities,36.0
#confident,75.0
#footprintsofassuredness,75.0
#serenity,39.0
#moonlitserenade,39.0
#curiosity,51.0
#labyrinthofquestions,51.0
#ambivalence,42.0
#autumnwaltz,42.0
#grateful,57.0
#guidingstar,57.0
#zest,48.0
#fieldsofenthusiasm,48.0
#compassionate,63.0
#tearsofempathy,63.0
#proud,69.0
#scalingpeaks,69.0
#hopeful,42.0
#seedsofoptimism,42.0
#playful,72.0
#carnivalescapade,72.0
#inspired,54.0
#cloudsofcreativity,54.0
#contentment,60.0
#tranquilwaters,60.0
#empathetic,48.0
#lanternofcompassion,48.0
#freespirit,66.0
#wingsofdreams,66.0
#grateful,57.0
#goldenhues,57.0
#confident,69.0
#danceoflife,69.0
#hopeful,45.0
#brightertomorrows,45.0
#playful,75.0
#jugglingresponsibilities,75.0
#inspired,42.0
#talestothestars,42.0
#hopeful,51.0
#sailorofdreams,51.0
#compassionate,63.0
#tearsofempathy,63.0
#hopeful,42.0
#seedsofoptimism,42.0
#despair,24.0
#echoingsilence,24.0
#bitterness,36.0
#resentmentweb,36.0
#loneliness,45.0
#miragesofconnection,45.0
#yearning,30.0
#distantwarmth,30.0
#fearful,54.0
#imaginedhorrors,54.0
#apprehensive,42.0
#balancingact,42.0
#overwhelmed,66.0
#bouldersofexhaustion,66.0
#jealous,48.0
#greeneyedmonster,48.0
#devastated,75.0
#windsofbrokenpromises,75.0
#frustrated,36.0
#unsolvablepuzzle,36.0
#envious,60.0
#gildedprize,60.0
#dismissive,42.0
#impenetrablewalls,42.0
#frustrated,45.0
#mosaicofdisappointment,45.0
#loneliness,54.0
#solitarynocturne,54.0
#fearful,39.0
#specteroftheunknown,39.0
#bitterness,30.0
#bitteraftertaste,30.0
#overwhelmed,60.0
#drowningsoul,60.0
#jealous,48.0
#heartofdiscontent,48.0
#devastated,75.0
#shatteredtrust,75.0
#frustrated,42.0
#slippingthreads,42.0
#envious,60.0
#bitterpill,60.0
#dismissive,36.0
#indifferenceperformance,36.0
#despair,24.0
#labyrinthofhopelessness,24.0
#bitterness,45.0
#iciclesofresentment,45.0
#loneliness,54.0
#starlesssky,54.0
#yearning,30.0
#huesofsunset,30.0
#fearful,54.0
#lurkingmonsters,54.0
#apprehensive,42.0
#stormofdoubt,42.0
#overwhelmed,66.0
#minotaurofpressure,66.0
#jealous,48.0
#bloomingachievements,48.0
#devastated,75.0
#echoesofshattereddreams,75.0
#frustrated,42.0
#labyrinthofmiscommunication,42.0
#envious,60.0
#desireforkeys,60.0
#dismissive,36.0
#indifferenceperformance,36.0
#frustrated,45.0
#mosaicofdisappointment,45.0
#awe,83.0
#breathtakingsunrise,83.0
#determination,45.0
#challenges,45.0
#nostalgia,67.0
#oldmemories,67.0
#thrill,120.0
#culturalcelebration,120.0
#calmness,53.0
#rainydays,53.0
#overwhelmed,75.0
#supportivecommunity,75.0
#excitement,90.0
#vacationcountdown,90.0
#gratitude,105.0
#lifelessons,105.0
#bittersweet,60.0
#farewell,60.0
#curiosity,53.0
#ancientdiscovery,53.0
#admiration,75.0
#handcraftedart,75.0
#overjoyed,53.0
#winterwarmth,53.0
#inspiration,90.0
#colorfulsunset,90.0
#motivation,120.0
#fitnessgoals,120.0
#gratitude,67.0
#morningcoffee,67.0
#empowerment,105.0
#hikingadventure,105.0
#amusement,45.0
#playfulkittens,45.0
#contemplation,83.0
#starrynight,83.0
#joyfulreunion,60.0
#friendship,60.0
#excitement,90.0
#surprisecelebration,90.0
#satisfaction,75.0
#diyproject,75.0
#blessed,53.0
#supportivecommunity,53.0
#serenity,67.0
#tranquilgarden,67.0
#anticipation,120.0
#adventureawaits,120.0
#reflection,105.0
#personalgrowth,105.0
#nostalgia,60.0
#childhoodfavorites,60.0
#appreciation,83.0
#culturalexperience,83.0
#confidence,45.0
#overcominganxiety,45.0
#contentment,75.0
#familylaughter,75.0
#enthusiasm,90.0
#skillbuilding,90.0
#surprise,53.0
#hiddengem,53.0
#accomplishment,67.0
#fitnesssuccess,67.0
#wonderment,105.0
#doublerainbow,105.0
#optimism,60.0
#brightfuture,60.0
#pride,83.0
#careermilestone,83.0
#happiness,45.0
#sunnyday,45.0
#elation,120.0
#rarebookdiscovery,120.0
#curiosity,53.0
#ancientmysteries,53.0
#enchantment,75.0
#cosmicfireflies,75.0
#intrigue,53.0
#abstractart,53.0
#playfuljoy,67.0
#childrensplaydate,67.0
#mindfulness,105.0
#laketranquility,105.0
#dreamchaser,90.0
#skyhighdreams,90.0
#elegance,83.0
#ballroomdance,83.0
#whimsy,60.0
#magicalworld,60.0
#pensive,53.0
#ancientcivilization,53.0
#thrill,67.0
#rollercoasteradventure,67.0
#harmony,105.0
#musicalunity,105.0
#creativity,45.0
#artistshaven,45.0
#radiance,75.0
#springblooms,75.0
#wonder,120.0
#stargazingadventure,120.0
#rejuvenation,53.0
#seasideescape,53.0
#inspiration,83.0
#forestwhispers,83.0
#coziness,90.0
#warmwinterevening,90.0
#gratitude,67.0
#familylaughter,67.0
#adventure,105.0
#culinaryjourney,105.0
#euphoria,60.0
#puzzlecompletion,60.0
#awe,53.0
#architecturalgrandeur,53.0
#enchantment,75.0
#fireflyfield,75.0
#melodic,53.0
#streetmusic,53.0
#festivejoy,67.0
#summercarnival,67.0
#innerjourney,105.0
#meditationbliss,105.0
#freedom,90.0
#coastaladventure,90.0
#dazzle,83.0
#masqueradeelegance,83.0
#whimsy,60.0
#fairytalemagic,60.0
#reflection,53.0
#forgottenera,53.0
#adrenaline,67.0
#rollercoasterthrills,67.0
#harmony,105.0
#musicalunity,105.0
#artisticburst,45.0
#studiocreativity,45.0
#radiance,75.0
#springblooms,75.0
#wonder,120.0
#stargazingadventure,120.0
#culinaryodyssey,105.0
#flavorsaroundtheworld,105.0
#euphoria,60.0
#perfectpuzzle,60.0
#awe,53.0
#architecturalgrandeur,53.0
#curiosity,53.0
#ancientmysteries,53.0
#excitement,67.0
#snowfallmagic,67.0
#contentment,83.0
#freshbreadaroma,83.0
#resilience,105.0
#standingtall,105.0
#immersion,60.0
#captivatingnovel,60.0
#nostalgia,75.0
#familyphotoalbum,75.0
#spark,90.0
#inspirationignited,90.0
#gratitude,53.0
#warmtea,53.0
#marvel,67.0
#colorfulstreetmarket,67.0
#serenity,83.0
#tranquilsunset,83.0
#heartbreak,45.0
#lostlove,45.0
#loneliness,53.0
#heavyheart,53.0
#grief,67.0
#lostfriendship,67.0
#despair,83.0
#endlessdarkness,83.0
#betrayal,67.0
#shatteredtrust,67.0
#suffering,75.0
#heartachesymphony,75.0
#emotionalstorm,90.0
#sadnesswhirlwind,90.0
#regret,53.0
#hauntedpast,53.0
#grief,83.0
#tornapart,83.0
#isolation,105.0
#emotionalwinter,105.0
#disappointment,60.0
#crushedhopes,60.0
#lostlove,67.0
#painfulechoes,67.0
#despair,120.0
#abyssofheartache,120.0
#melancholy,53.0
#quietserenade,53.0
#bitterness,75.0
#woundedheart,75.0
#exhaustion,105.0
#crushedspirit,105.0
#sorrow,53.0
#symphonyofloss,53.0
#darkness,83.0
#soulengulfed,83.0
#desperation,67.0
#glimmerofhope,67.0
#ruins,60.0
#shattereddreams,60.0
#desolation,60.0
#scatteredhope,60.0
#regret,75.0
#pathofremorse,75.0
#grief,53.0
#lostjoyfootsteps,53.0
#loneliness,67.0
#crashingwaves,67.0
#bitterness,45.0
#stainedtrust,45.0
#desolation,83.0
#whisperedloss,83.0
#heartbreak,67.0
#rippleofdespair,67.0
#grief,90.0
#silenttears,90.0
#betrayal,75.0
#reverberatingpromises,75.0
#resilience,105.0
#tightropewalk,105.0
#isolation,90.0
#silentsolitude,90.0
#regret,53.0
#fadingpossibilities,53.0
#despair,83.0
#endlessreverberation,83.0
#sorrow,67.0
#autumnleaves,67.0
#desolation,60.0
#shatteredhopes,60.0
#grief,75.0
#lostlovelonging,75.0
#betrayal,45.0
#closingwalls,45.0
#heartbreak,67.0
#calmafterstorm,67.0
#despair,53.0
#unraveledhope,53.0
#loss,83.0
#silentsurrender,83.0
#heartache,90.0
#lovesonglonging,90.0
#nostalgia,53.0
#cherishedmemories,53.0
#grief,67.0
#melancholicmelody,67.0
#betrayal,75.0
#poisonedtrust,75.0
#despair,60.0
#deepdescent,60.0
#desolation,83.0
#untoldsorrows,83.0
#regret,53.0
#pastcurrents,53.0
#loss,67.0
#forgottenlove,67.0
#betrayal,45.0
#shatteredvows,45.0
#solitude,90.0
#shadowconversation,90.0
#joy,120.0
#simplemoments,120.0
#happiness,105.0
#spiritlifter,105.0
#contentment,75.0
#innerpeace,75.0
#enthusiasm,90.0
#hopefuljourney,90.0
#gratitude,67.0
#thankfulmelody,67.0
#accomplishment,83.0
#happinessmilestone,83.0
#positivity,53.0
#soulupliftment,53.0
#joy,60.0
#cherishedmoment,60.0
#kindness,75.0
#lovestitches,75.0
#friendship,90.0
#camaraderieblooms,90.0
#love,105.0
#rhythmofaffection,105.0
#joy,120.0
#endlesssmiles,120.0
#excitement,90.0
#ignitedsoul,90.0
#surprise,75.0
#wonderfulmoment,75.0
#curiosity,67.0
#treasuresofdiscovery,67.0
#gratitude,83.0
#showerofthankfulness,83.0
#inspiration,53.0
#brillianttrails,53.0
#success,67.0
#nightskytriumph,67.0
#happiness,90.0
#boundlesslaughter,90.0
#thrill,105.0
#wildheartride,105.0
#reflection,83.0
#parisiandreams,83.0
#enchantment,90.0
#childhoodfantasies,90.0
#excitement,67.0
#symphonyofspeed,67.0
#joy,105.0
#springtimecolors,105.0
#exploration,53.0
#japanesetraditions,53.0
#awe,75.0
#earthsgrandeur,75.0
#serenity,67.0
#sunsethues,67.0
#amazement,90.0
#ancienttales,90.0
#romance,60.0
#timelesscity,60.0
#awe,83.0
#ancientcivilizations,83.0
#excitement,105.0
#urbanenergy,105.0
#captivation,75.0
#gladiatortales,75.0
#serenity,67.0
#paradisewhispers,67.0
#wonder,90.0
#natureorchestra,90.0
#awe,53.0
#engineeringmarvels,53.0
#accomplishment,83.0
#sunrisehues,83.0
#exploration,60.0
#khmerstories,60.0
#adventure,67.0
#snowpeakdance,67.0
#tranquility,75.0
#zenwisdom,75.0
#grandeur,67.0
#icymasterpiece,67.0
#emotion,120.0
#adeleconcert,120.0
#energy,105.0
#beyonceconcert,105.0
#enchantment,90.0
#taylorswift,90.0
#nostalgia,67.0
#queentribute,67.0
#serenity,53.0
#edsheeranconcert,53.0
#joy,83.0
#brunomars,83.0
#celebration,75.0
#mjtribute,75.0
#charm,67.0
#sinatratribute,67.0
#ecstasy,105.0
#metallicaconcert,105.0
#hope,90.0
#coldplaymagic,90.0
#enthusiasm,120.0
#justinbieber,120.0
#creativity,105.0
#ladygaga,105.0
#emotion,90.0
#adelemelodies,90.0
#colorful,67.0
#katyperry,67.0
#pride,53.0
#jayzanthem,53.0
#hypnotic,83.0
#shakirarhythms,83.0
#connection,75.0
#u2anthem,75.0
#iconic,67.0
#gnrconcert,67.0
#euphoria,105.0
#arianagrande,105.0
#journey,90.0
#bobmarleytribute,90.0
#excitement,120.0
#moviepremierethrills,120.0
#nostalgia,105.0
#classicfilmmoments,105.0
#engagement,90.0
#webseriesjourney,90.0
#pride,67.0
#indiefilmsuccess,67.0
#touched,83.0
#familydramamoments,83.0
#gratitude,53.0
#oscarwinningmoment,53.0
#inspiration,67.0
#hiddengemdiscovery,67.0
#contemplation,83.0
#deepmeanings,83.0
#suspense,105.0
#crimeseriesthrills,105.0
#satisfaction,67.0
#fulfillingending,67.0
#joy,120.0
#worldcuptriumph,120.0
#inspiration,105.0
#olympicachievement,105.0
#excitement,90.0
#cricketchampionship,90.0
#admiration,67.0
#marathonrecords,67.0
#captivation,83.0
#tennisrivalry,83.0
#triumph,53.0
#basketballfinals,53.0
#awe,67.0
#golfvictory,67.0
#thrill,83.0
#formula1championship,83.0
#determination,105.0
#cyclingchampion,105.0
#heartwarming,67.0
#hockeyfinalscomeback,67.0
#disappointment,120.0
#soccerdefeats,120.0
#frustration,105.0
#tennissetback,105.0
#reflection,90.0
#boxingdefeat,90.0
#obstacle,67.0
#cyclingfrustration,67.0
#sympathy,83.0
#gymnasticsfall,83.0
#pressure,53.0
#golfdefeat,53.0
#renewedeffort,67.0
#basketballstruggles,67.0
#miscalculation,83.0
#swimmingdisappointment,83.0
#challenge,105.0
#weightliftingfailure,105.0
#despair,67.0
#owngoal,67.0
#tranquility,120.0
#sunsetbeauty,120.0
#adventure,105.0
#roadtripmemories,105.0
#solace,90.0
#cafereflection,90.0
#creativity,67.0
#streetartvibes,67.0
#breakthrough,83.0
#scientificdiscovery,83.0
#harmony,53.0
#orchestramelody,53.0
#joyinbaking,67.0
#homemadedelights,67.0
#envisioninghistory,83.0
#museumtales,83.0
#imagination,105.0
#literaryescape,105.0
#vibrancy,67.0
#marketstories,67.0
#mesmerizing,120.0
#nightdanceperformance,120.0
#culinaryadventure,105.0
#streetfooddelights,105.0
#wintermagic,90.0
#snowylandscapes,90.0
#thrillingjourney,67.0
#mysterynovel,67.0
#naturesbeauty,83.0
#floraljoy,83.0
#celestialwonder,53.0
#stargazing,53.0
#creativeinspiration,67.0
#coffeejourney,67.0
#runwaycreativity,83.0
#fashioninnovation,83.0
#oceansfreedom,67.0
#surfingthrills,67.0
#whispersofthepast,105.0
#historicaltour,105.0
#crushstruggles,45.0
#avoidingeyecontact,45.0
#snackcrisis,53.0
#teenlife,53.0
#selfiestruggle,67.0
#teenconfessions,67.0
#teenproblems,60.0
#lostheadphones,60.0
#studyingmemes,75.0
#teenlife,75.0
#weekendoops,60.0
#teenfashion,60.0
#teensuccess,83.0
#projectmiracle,83.0
#teenchef,67.0
#cookingfail,67.0
#classevent,53.0
#teenexcitement,53.0
#bookdiscoveries,90.0
#teenreading,90.0
#gameon,67.0
#teengamer,67.0
#bingewatchday,105.0
#teenlife,105.0
#fashiongoals,60.0
#teenstyle,60.0
#instrumentlearning,83.0
#teenmusic,83.0
#musictherapy,67.0
#teenplaylist,67.0
#cookingsuccess,75.0
#teencook,75.0
#getawaygoals,53.0
#teentravel,53.0
#musicmagic,83.0
#teenconcert,83.0
#childhoodmemories,67.0
#teencartoons,67.0
#diygoals,105.0
#teencreative,105.0
#culturalday,60.0
#teencuriosity,60.0
#bloggingjourney,90.0
#teenthoughts,90.0
#quietmoments,105.0
#bookishescape,105.0
#aginggracefully,83.0
#memories,83.0
#artdiscovery,67.0
#seniorartist,67.0
#happinessinfood,75.0
#seniorlife,75.0
#mindenrichment,90.0
#seniorlearning,90.0
#musiclover,53.0
#seniorconcert,53.0
#naturecapture,105.0
#seniormoments,105.0
#friendshipgoals,83.0
#seniorbonding,83.0
#cherishedplaces,67.0
#seniortravel,67.0
#musicharmony,60.0
#seniorvoices,60.0
#mindfulliving,53.0
#seniorcalm,53.0
#naturewonders,75.0
#seniorgarden,75.0
#lifewelllived,83.0
#seniorwine,83.0
#creativityatanyage,67.0
#seniorcreativity,67.0
#lifetimeexperiences,105.0
#seniormemoir,105.0
#lifetimeadventure,90.0
#seniorcuriosity,90.0
#kitchenmemories,60.0
#seniorculinary,60.0
#outdoorbeauty,53.0
#seniorclicks,53.0
#timelesstunes,75.0
#seniorjazz,75.0
#soulfulwriting,83.0
#seniorreflections,83.0
#discovernewplaces,90.0
#seniortravel,90.0
#roadtripdownmemorylane,67.0
#seniorcars,67.0
#gardenfriends,83.0
#seniorgreenthumb,83.0
#heartwarmingmoments,105.0
#seniorfamily,105.0
#dancelife,53.0
#seniormoves,53.0
#creativeexpressions,75.0
#seniorart,75.0
#bookishtalks,67.0
#seniorbookworms,67.0
#friendshipsunshine,90.0
#seniormemories,90.0
#stagepassion,60.0
#seniortheater,60.0
#naturetrailblazer,83.0
#seniorexplorer,83.0
#lifeinpictures,67.0
#seniorexhibition,67.0
#openroadadventures,75.0
#seniorcycling,75.0
#agedtoperfection,105.0
#seniorcheers,105.0
#gracefulmoves,60.0
#seniordance,60.0
#communityart,83.0
#seniorcreativity,83.0
#friendshipadventures,90.0
#seniornostalgia,90.0
#celestialwonders,53.0
#seniorastronomy,53.0
#timelesstunes,75.0
#seniorjazz,75.0
#lifelessons,67.0
#seniorblog,67.0
#runforacause,90.0
#seniorsupport,90.0
#physicssurvivor,60.0
#highschooladventures,60.0
#codingadventure,75.0
#highschoolcoderlife,75.0
#debatewarrior,53.0
#highschooldebater,53.0
#photographyclub,67.0
#highschoolphotographer,67.0
#promdreams,90.0
#highschoolfairytale,90.0
#outdoorclassroom,83.0
#highschoolexplorer,83.0
#artisticmishaps,67.0
#highschoolart,67.0
#skaterlife,90.0
#highschoolskater,90.0
#kpopfangirl,60.0
#highschoolmusic,60.0
#chemistrywizard,83.0
#highschoolscientist,83.0
#birthdayparty,67.0
#highschoolcelebration,67.0
#dramaclubstar,75.0
#highschoolactor,75.0
#fantasybooknerd,105.0
#highschoolreader,105.0
#doodlemaster,60.0
#highschoolart,60.0
#handstandchallenge,83.0
#highschoolathlete,83.0
#snacksmuggler,90.0
#highschoolsnacks,90.0
#sleepoverfun,53.0
#highschoolmemories,53.0
#dancefail,75.0
#highschooltiktok,75.0
#socialmediablunder,67.0
#highschoolawkward,67.0
#crushfail,90.0
#highschoolembarrassment,90.0
#paperplaneexpert,45.0
#highschoolart,45.0
#textbookjuggling,62.0
#highschoolskills,62.0
#snackninja,83.0
#highschoolsnacks,83.0
#surpriseadventure,58.0
#highschoolfun,58.0
#raindance,75.0
#highschooljoy,75.0
#textingfail,53.0
#highschoolawkward,53.0
#magicfail,67.0
#highschoolmagic,67.0
#origamimaster,54.0
#highschoolart,54.0
#hackysackchallenge,74.0
#highschoolathlete,74.0
#friendshipgoals,60.0
#highschoolmemories,60.0
#burgerquest,66.0
#highschoolfoodie,66.0
#standupcomedy,60.0
#highschooltalent,60.0
#loveletterfail,50.0
#highschoolawkward,50.0
#sciencegeek,67.0
#highschoolexperiments,67.0
#friendshipbracelets,56.0
#highschoolcrafts,56.0
#cartwheelchallenge,79.0
#highschoolathlete,79.0
#movienight,65.0
#highschoolmemories,65.0
#hairexperiment,59.0
#highschoolstyle,59.0
#timecapsule,74.0
#highschoolnostalgia,74.0
#firstdayoops,48.0
#highschoolembarrassment,48.0
#healthyliving,65.0
#highschoolwellness,65.0
#schoolchallenges,43.0
#highschoolstruggles,43.0
#onlinehate,54.0
#highschoolreality,54.0
#badday,60.0
#highschoolblues,60.0
#disappointment,51.0
#highschoolsports,51.0
#cafeteriadrama,62.0
#highschooltension,62.0
#academicfrustration,57.0
#highschoolstress,57.0
#lifechallenges,66.0
#highschoolstruggles,66.0
#lonelynights,47.0
#highschoolemotions,47.0
#stopcyberbullying,41.0
#highschoolreality,41.0
#badluck,53.0
#highschoolweather,53.0
#missedchances,59.0
#highschoolregret,59.0
#rumormills,69.0
#highschooldrama,69.0
#badluckday,75.0
#highschoolstruggles,75.0
#sayinggoodbye,63.0
#highschoolemotions,63.0
#collegedreams,56.0
#highschooljourney,56.0
#onlinegaming,48.0
#highschoolgamer,48.0
#badhairday,54.0
#highschoolconfidence,54.0
#projectstruggles,62.0
#highschoolhardships,62.0
#onlineopinions,72.0
#highschoolcriticism,72.0
#techissues,65.0
#highschooltech,65.0
#missedmoments,59.0
#highschoolregret,59.0
#studystrategies,65.0
#highschoolexams,65.0
#environmentalefforts,76.0
#highschoolcommunity,76.0
#bookclub,57.0
#highschoolreads,57.0
#bakingadventures,64.0
#highschoolbakes,64.0
#teamwork,54.0
#highschoolprojects,54.0
#schoolclubs,67.0
#highschoolinterests,67.0
#careerdevelopment,72.0
#highschooljobs,72.0
#schoolevents,60.0
#highschoolconnectivity,60.0
#photographyjourney,74.0
#highschoolhobbies,74.0
#sciencefair,56.0
#highschoolscience,56.0
#efficiencygoals,67.0
#highschoolskills,67.0
#communityservice,59.0
#highschoolvolunteer,59.0
#teamspirit,53.0
#highschoolprojects,53.0
#debateskills,65.0
#highschoolintellect,65.0
#surpriseparty,79.0
#highschoolcelebration,79.0
#codingtriumph,72.0
#highschooltech,72.0
#talentshow,57.0
#highschoolentertainment,57.0
#natureadventures,63.0
#highschoolfriends,63.0
#sportstriumph,76.0
#highschoolathletics,76.0
#globalfriendship,68.0
#highschoolcorrespondence,68.0
#artcollaboration,65.0
#highschoolcreativity,65.0
#artisticexpression,67.0
#highschoolcreativity,67.0
#athleticachievement,77.0
#highschoolsports,77.0
#sciencefairwinner,59.0
#highschoolscience,59.0
#surprisecelebration,73.0
#highschoolfriendship,73.0
#communitygiving,64.0
#highschoolphilanthropy,64.0
#culturalcelebration,64.0
#highschoolunity,64.0
#virtualentertainment,71.0
#highschoolpositivity,71.0
